{
  "timestamp": 1783967534.220771,
  "quality_signal": 0.7088802727337657,
  "coupling_score": 0.13101604278074866,
  "cycle_count": 0,
  "god_file_count": 0,
  "hotspot_count": 0,
  "complex_fn_count": 89,
  "max_depth": 6,
  "total_import_edges": 2992,
  "cross_module_edges": 1775
}